day,date,phase,T,actual_11m,actual_19m,predicted_11m_raw,predicted_19m_raw,predicted_11m,predicted_19m,error_11m,error_19m
234,2024-09-22,4,20.12696875125,-1.1764251630833333,2.4009996420694444,-1.1750189420708352,2.3918950586499674,-1.1778498074673394,2.405323752976951,-0.0014246443840060241,0.0043241109075067286
235,2024-09-23,4,20.142832941527775,-1.1613098473541668,2.381086079625,-1.1733857612813838,2.3925522989963133,-1.176216626677888,2.405980993323297,-0.014906779323721198,0.024894913698296772
236,2024-09-24,4,17.756722069236112,-1.1740189559097223,2.4253549277847224,-1.172142198878538,2.3700352085064145,-1.1749730642750422,2.383463902833398,-0.00095410836531995,-0.04189102495132424
237,2024-09-25,4,18.46856320239583,-1.1821846639166667,2.367498076652778,-1.1732419522821536,2.3924880159044224,-1.1760728176786577,2.405916710231406,0.006111846238008978,0.03841863357862829
238,2024-09-26,4,17.421525517708332,-1.1754690433055555,2.3944630540555556,-1.1836691579797716,2.366947559534145,-1.1865000233762757,2.3803762538611286,-0.011030980070720231,-0.014086800194426985
239,2024-09-27,4,18.25916315135417,-1.1991026310555555,2.380093029798611,-1.1728730019846285,2.356369703041283,-1.1757038673811326,2.3697983973682666,0.02339876367442284,-0.010294632430344564
240,2024-09-28,4,14.224999600069443,-1.2074428415833334,2.3754406074305554,-1.2095703802556803,2.371410229466615,-1.2124012456521844,2.3848389237935987,-0.004958404068851063,0.009398316363043335
241,2024-09-29,4,11.998424622743055,-1.2405370862986111,2.3562833551180558,-1.2121024100914792,2.342042282587437,-1.2149332754879834,2.355470976914421,0.025603810810627792,-0.0008123782036348892
242,2024-09-30,4,12.105526656065972,-1.2303159601597222,2.3549383729930558,-1.236817821125254,2.350155528160731,-1.2396486865217582,2.363584222487715,-0.00933272636203597,0.008645849494659075
243,2024-10-01,4,13.116255386027778,-1.2112652924097222,2.358247730520833,-1.2213378628836629,2.3452565339421905,-1.224168728280167,2.358685228269174,-0.012903435870444735,0.0004374977483410092
244,2024-10-02,4,11.727541456458333,-1.2282165263958333,2.3550461116875,-1.2181036141873394,2.352223364062188,-1.2209344795838435,2.3656520583891716,0.007282046811989851,0.010605946701671698
245,2024-10-03,4,11.726573176493055,-1.2346149955833332,2.3351067768263887,-1.2235181211610195,2.3391861004793637,-1.2263489865575237,2.3526147948063474,0.00826600902580954,0.017508017979958712
246,2024-10-04,4,11.401319735555555,-1.233152539746528,2.347647441763889,-1.22873724475129,2.3300054594785617,-1.2315681101477942,2.3434341538055454,0.0015844295987337276,-0.004213287958343415
247,2024-10-05,4,10.627325167375,-1.2390059828263889,2.3523304065,-1.231936180102863,2.3393845177103367,-1.234767045499367,2.3528132120373204,0.004238937327021741,0.0004828055373202744
248,2024-10-06,4,10.180259900315972,-1.2414977897777777,2.3559636854236112,-1.2394523416745904,2.341058495089734,-1.2422832070710945,2.3544871894167176,-0.0007854172933168257,-0.0014764960068935906
249,2024-10-07,4,12.80723850292014,-1.2337706552430554,2.3475396450972226,-1.2214823464381859,2.3301446229150806,-1.22431321183469,2.3435733172420643,0.009457443408365407,-0.003966327855158269
250,2024-10-08,4,16.999969651493057,-1.1951764515625,2.346863701923611,-1.205489729603793,2.338468580476583,-1.208320595000297,2.3518972748035667,-0.013144143437797018,0.005033572879955539
251,2024-10-09,4,17.646491931215277,-1.1812652573194444,2.367745879638889,-1.1860760502311638,2.3505385876401075,-1.188906915627668,2.363967281967091,-0.007641658308223498,-0.0037785976717978897
252,2024-10-10,4,16.922063665277776,-1.166479381375,2.372939086611111,-1.1803868337249819,2.3608203825579652,-1.183217699121486,2.374249076884949,-0.01673831774648593,0.0013099902738380464
253,2024-10-11,4,11.366761091791666,-1.2183427885138889,2.3848110768402777,-1.1993736534931305,2.369460347867421,-1.2022045188896346,2.382889042194405,0.016138269624254242,-0.0019220346458728166
254,2024-10-12,4,10.557314129552083,-1.2403710418333334,2.3588435733125,-1.2206975100273332,2.3457050648572997,-1.2235283754238373,2.3591337591842834,0.016842666409496054,0.0002901858717834216
255,2024-10-13,4,11.414837811041666,-1.2098679940243056,2.3525189608750003,-1.2294021957514223,2.338252853939699,-1.2322330611479264,2.351681548266683,-0.022365067123620852,-0.0008374126083174893
256,2024-10-14,4,10.707800646777777,-1.2271397701284723,2.3379878137291668,-1.211076871383412,2.327594598485719,-1.213907736779916,2.341023292812703,0.013232033348556271,0.0030354790835360745
257,2024-10-15,4,10.104774602673611,-1.2518079818680556,2.355050012409722,-1.228071982325119,2.3191221904286685,-1.230902847721623,2.332550884755652,0.02090513414643258,-0.022499127654069806
258,2024-10-16,4,12.051044659548612,-1.244557821923611,2.353460989048611,-1.2364955424924582,2.3373520812926065,-1.2393264078889623,2.35078077561959,0.005231414034648774,-0.0026802134290209167
259,2024-10-17,4,14.196995159305555,-1.213668133673611,2.3462199502916667,-1.2259377686790205,2.3390365082957514,-1.2287686340755246,2.352465202622735,-0.015100500401913575,0.006245252331068318
260,2024-10-18,4,15.375191880416667,-1.1984371824027777,2.3549377520833334,-1.2017636990565623,2.3398366769417467,-1.2045945644530665,2.3532653712687304,-0.006157382050288707,-0.0016723808146030805
261,2024-10-19,4,15.056604332569444,-1.1913118080972223,2.350174223416667,-1.1967446991575814,2.3430638387604588,-1.1995755645540855,2.3564925330874424,-0.00826375645686328,0.006318309670775513
262,2024-10-20,4,14.513534542361112,-1.1981742663472223,2.356471255423611,-1.192613619312316,2.3480747128352633,-1.1954444847088201,2.361503407162247,0.0027297816384022067,0.005032151738635804
263,2024-10-21,4,14.95616825097222,-1.1790215091111111,2.3416968799791666,-1.1932384354884669,2.346196493933849,-1.196069300884971,2.3596251882608326,-0.017047791773859844,0.017928308281665917
264,2024-10-22,4,14.233564764027777,-1.1916667955659723,2.365257429611111,-1.1841514530406094,2.3411954306054423,-1.1869823184371135,2.354624124932426,0.004684477128858777,-0.01063330467868484
265,2024-10-23,4,10.988142791906249,-1.2325183459375,2.38174383090625,-1.2082049915161734,2.3610988968502915,-1.2110358569126776,2.374527591177275,0.021482489024822415,-0.007216239728975005
266,2024-10-24,4,11.345161910149306,-1.25773900575,2.3747735635833336,-1.2334963207886411,2.364130898829263,-1.2363271861851453,2.3775595931562465,0.021411819564854717,0.0027860295729129625
267,2024-10-25,4,14.081216216180556,-1.2203925260416666,2.380235627326389,-1.2362825198378788,2.3552251218801645,-1.239113385234383,2.368653816207148,-0.018720859192716377,-0.011581811119240726
268,2024-10-26,4,14.69861696517361,-1.2192327760972224,2.381257628416667,-1.2115829336928632,2.360093979153412,-1.2144137990893673,2.373522673480396,0.004818977007855052,-0.007734954936271077
269,2024-10-27,4,14.993073039861109,-1.2138779784444444,2.376709383409722,-1.211595134500863,2.36002543638356,-1.2144259998973672,2.373454130710544,-0.0005480214529227645,-0.003255252699178257
270,2024-10-28,4,15.989129235625,-1.184731017798611,2.3772195660694444,-1.2069905536798462,2.3686608912247236,-1.2098214190763503,2.3820895855517072,-0.025090401277739316,0.004870019482262844
271,2024-10-29,4,14.708448261458333,-1.1892973068472221,2.3954397904375,-1.192519689069477,2.3687070279681186,-1.195350554465981,2.3821357222951023,-0.006053247618758917,-0.013304068142397707
272,2024-10-30,4,14.271549513576389,-1.1899151330555555,2.3719473663472224,-1.1938016138459102,2.3746176756806947,-1.1966324792424143,2.3880463700076784,-0.006717346186858819,0.016099003660456024
273,2024-10-31,4,12.585363047465277,-1.2025288480451388,2.3759049077916665,-1.1993859728360718,2.3562568034437437,-1.202216838232576,2.3696854977707273,0.0003120098125628523,-0.006219410020939176
